{"2novelty_threshold": 0.48106621061493005, "training_cover_rate": 0.569, "_step": 2520000, "_runtime": 925, "_timestamp": 1603519813, "value_loss": 1.9206790367762248, "average_episode_reward": 36.94879913330078, "2archive_length": 2000, "2childlist_length": 0, "2parentlist_length": 6, "2drop_num": 93, "cover_rate_1step": 0.167, "cover_rate_5step": 0.1674}