{"2novelty_threshold": 1.5290132532994143, "training_cover_rate": 0.906, "_step": 79920000, "_runtime": 32300, "_timestamp": 1603551188, "value_loss": 0.7822431405385335, "average_episode_reward": 34.734397888183594, "2archive_length": 2000, "2childlist_length": 0, "2parentlist_length": 80, "2drop_num": 201, "cover_rate_1step": 0.982, "cover_rate_5step": 0.9816}