{"2novelty_threshold": 0.487313027586237, "training_cover_rate": 0.57, "_step": 2220000, "_runtime": 813, "_timestamp": 1603519701, "value_loss": 1.650403579076131, "average_episode_reward": 33.50760269165039, "2archive_length": 1882, "2childlist_length": 0, "2parentlist_length": 11, "2drop_num": 78, "cover_rate_1step": 0.139, "cover_rate_5step": 0.1392}