{"training_cover_rate": 0.924, "_step": 79920000, "_runtime": 44201, "_timestamp": 1603562695, "value_loss": 0.7728657682736715, "average_episode_reward": 32.65800094604492, "2archive_length": 2000, "2childlist_length": 0, "2parentlist_length": 84, "2drop_num": 235, "cover_rate_1step": 0.956, "cover_rate_5step": 0.9554}