{"training_cover_rate": 0.619, "_step": 2580000, "_runtime": 1317, "_timestamp": 1603519811, "value_loss": 1.6190940221150716, "average_episode_reward": 37.52040100097656, "2archive_length": 2000, "2childlist_length": 0, "2parentlist_length": 16, "2drop_num": 96, "cover_rate_1step": 0.154, "cover_rate_5step": 0.155}