{"training_cover_rate": 0.575, "_step": 2460000, "_runtime": 1221, "_timestamp": 1603519715, "value_loss": 1.3433284282684326, "average_episode_reward": 33.28120422363281, "2archive_length": 2000, "2childlist_length": 0, "2parentlist_length": 10, "2drop_num": 75, "cover_rate_1step": 0.134, "cover_rate_5step": 0.1336}