{"training_cover_rate": 0.892, "_step": 79920000, "_runtime": 43491, "_timestamp": 1603562177, "value_loss": 1.181772001584371, "average_episode_reward": 37.46200180053711, "2archive_length": 2000, "2childlist_length": 0, "2parentlist_length": 79, "2drop_num": 217, "cover_rate_1step": 0.943, "cover_rate_5step": 0.9426}