{"training_cover_rate": 0.567, "_step": 2100000, "_runtime": 1134, "_timestamp": 1603519820, "value_loss": 1.5530922889709473, "average_episode_reward": 34.50239944458008, "2archive_length": 1956, "2childlist_length": 0, "2parentlist_length": 8, "2drop_num": 88, "cover_rate_1step": 0.139, "cover_rate_5step": 0.139}