{"2novelty_threshold": 1.1649476205753002, "training_cover_rate": 0.907, "_step": 42240000, "_runtime": 23298, "_timestamp": 1603518420, "value_loss": 1.2837644735972087, "average_episode_reward": 38.687198638916016, "2archive_length": 2000, "2childlist_length": 0, "2parentlist_length": 79, "2drop_num": 199, "cover_rate_1step": 0.927, "cover_rate_5step": 0.9238}