{"4novelty_threshold": 0, "training_cover_rate": 0.036599999999999994, "_step": 35000, "_runtime": 65, "_timestamp": 1603519707, "value_loss": 0.6962909877300263, "average_episode_reward": 1.4630000591278076}