{"4novelty_threshold": 0.778098144165192, "training_cover_rate": 0.5929473684210526, "_step": 2485000, "_runtime": 2111, "_timestamp": 1603521753, "value_loss": 1.3338714877764384, "average_episode_reward": 11.69680118560791, "4archive_length": 685, "4childlist_length": 0, "4parentlist_length": 42, "4drop_num": 52, "cover_rate_1step": 0.305, "cover_rate_5step": 0.3049}