{"2novelty_threshold": 1.4340149155220485, "training_cover_rate": 0.931, "_step": 69240000, "_runtime": 32952, "_timestamp": 1603518719, "value_loss": 0.8938963452974955, "average_episode_reward": 36.1287956237793, "2archive_length": 2000, "2childlist_length": 0, "2parentlist_length": 69, "2drop_num": 207, "cover_rate_1step": 0.968, "cover_rate_5step": 0.9653999999999999}