{"4novelty_threshold": 4.052437432227399, "training_cover_rate": 0.9212631578947369, "_step": 55790000, "_runtime": 69322, "_timestamp": 1603519668, "value_loss": 2.3842314233382544, "4archive_length": 2000, "4childlist_length": 0, "4parentlist_length": 63, "4drop_num": 209, "4cover_rate": 0.9095, "8novelty_threshold": 3.212942914605012, "8archive_length": 574, "8childlist_length": 0, "8parentlist_length": 61, "8drop_num": 165}