{"4novelty_threshold": 4.062001225175928, "training_cover_rate": 0.9223684210526316, "_step": 56105000, "_runtime": 70204, "_timestamp": 1603520550, "value_loss": 2.546220957239469, "4archive_length": 2000, "4childlist_length": 0, "4parentlist_length": 56, "4drop_num": 190, "4cover_rate": 0.9095, "8novelty_threshold": 3.1479652566303087, "8archive_length": 788, "8childlist_length": 0, "8parentlist_length": 43, "8drop_num": 165}