{"4novelty_threshold": 0, "training_cover_rate": 0.0015, "_step": 280000, "_runtime": 410, "_timestamp": 1603519821, "value_loss": 0.0129548161290586, "average_episode_reward": 1.3422000408172607, "4archive_length": 500, "4childlist_length": 0, "4parentlist_length": 0, "4drop_num": 0, "cover_rate_1step": 0.002, "cover_rate_5step": 0.002}