{"4novelty_threshold": 0.5755429694949731, "training_cover_rate": 0.49310000000000004, "_step": 1680000, "_runtime": 2221, "_timestamp": 1603521632, "value_loss": 1.3814435442288717, "average_episode_reward": 12.77820110321045, "4archive_length": 280, "4childlist_length": 0, "4parentlist_length": 65, "4drop_num": 21, "cover_rate_1step": 0.2185, "cover_rate_5step": 0.21830000000000002}