{"training_cover_rate": 0.4939000000000001, "_step": 1820000, "_runtime": 2307, "_timestamp": 1603521356, "value_loss": 0.9966863592465719, "average_episode_reward": 7.582400321960449, "4archive_length": 316, "4childlist_length": 0, "4parentlist_length": 57, "4drop_num": 35, "cover_rate_1step": 0.2245, "cover_rate_5step": 0.21919999999999998}