{"training_cover_rate": 0.011599999999999997, "_step": 490000, "_runtime": 625, "_timestamp": 1603519674, "value_loss": 0.008463530925412972, "average_episode_reward": 1.9529999494552612, "4archive_length": 500, "4childlist_length": 0, "4parentlist_length": 0, "4drop_num": 0, "cover_rate_1step": 0.0065, "cover_rate_5step": 0.0072}