{"training_cover_rate": 0.0123, "_step": 595000, "_runtime": 766, "_timestamp": 1603519815, "value_loss": 0.008297459253420432, "average_episode_reward": 2.1404001712799072, "4archive_length": 500, "4childlist_length": 0, "4parentlist_length": 0, "4drop_num": 0, "cover_rate_1step": 0.0075, "cover_rate_5step": 0.007300000000000001}