{"2novelty_threshold": 1.4486822902570393, "training_cover_rate": 0.922, "_step": 70740000, "_runtime": 32512, "_timestamp": 1603518845, "value_loss": 0.816273279984792, "average_episode_reward": 34.64679718017578, "2archive_length": 2000, "2childlist_length": 0, "2parentlist_length": 84, "2drop_num": 212, "cover_rate_1step": 0.963, "cover_rate_5step": 0.9623999999999999}