{"2novelty_threshold": 1.1586525219689958, "training_cover_rate": 0.915, "_step": 41580000, "_runtime": 22880, "_timestamp": 1603518628, "value_loss": 1.4201260566711427, "average_episode_reward": 38.35720443725586, "2archive_length": 2000, "2childlist_length": 0, "2parentlist_length": 86, "2drop_num": 211, "cover_rate_1step": 0.928, "cover_rate_5step": 0.9284}