{"training_cover_rate": 0.0132, "_step": 455000, "_runtime": 622, "_timestamp": 1603519829, "value_loss": 0.010898109835882982, "average_episode_reward": 1.9616000652313232, "4archive_length": 500, "4childlist_length": 0, "4parentlist_length": 0, "4drop_num": 0, "cover_rate_1step": 0.0065, "cover_rate_5step": 0.0072}