{"training_cover_rate": 0.518, "_step": 1785000, "_runtime": 2285, "_timestamp": 1603521492, "value_loss": 1.3382640401522319, "average_episode_reward": 11.635001182556152, "4archive_length": 316, "4childlist_length": 0, "4parentlist_length": 57, "4drop_num": 35, "cover_rate_1step": 0.2185, "cover_rate_5step": 0.21830000000000002}