{"2novelty_threshold": 0.5136373269240141, "training_cover_rate": 0.568, "_step": 1740000, "_runtime": 965, "_timestamp": 1603519786, "value_loss": 1.656356660525004, "average_episode_reward": 33.24720001220703, "2archive_length": 1639, "2childlist_length": 0, "2parentlist_length": 16, "2drop_num": 97, "cover_rate_1step": 0.139, "cover_rate_5step": 0.139}