{"2novelty_threshold": 1.5036651564717185, "training_cover_rate": 0.889, "_step": 79920000, "_runtime": 48251, "_timestamp": 1603567072, "value_loss": 0.915703288714091, "average_episode_reward": 33.64639663696289, "2archive_length": 2000, "2childlist_length": 0, "2parentlist_length": 76, "2drop_num": 210, "cover_rate_1step": 0.97, "cover_rate_5step": 0.9688}