{"novelty_threshold": 4.0956691069299405, "training_cover_rate": 0.9531578947368421, "_step": 39900000, "_runtime": 54525, "_timestamp": 1603498667, "value_loss": 1.8911036769549052, "average_episode_reward": 40.90440368652344, "archive_length": 1924, "childlist_length": 0, "parentlist_length": 61, "drop_num": 260, "cover_rate_1step": 0.9745, "cover_rate_5step": 0.9722999999999999}